Time,X,Y,Z
10-13 16:42:21,-556.416,725.08,21.046
10-13 16:42:21,-558.462,719.673,21.485
10-13 16:42:21,-553.932,723.327,22.216
10-13 16:42:21,-559.486,723.473,16.954
10-13 16:42:21,-555.101,724.203,24.554
10-13 16:42:21,-557.732,726.834,21.631
10-13 16:42:21,-558.609,720.988,20.316
10-13 16:42:21,-556.416,723.327,19.293
10-13 16:42:21,-561.239,734.142,15.931
10-13 16:42:21,-558.755,731.804,13.3
10-13 16:42:21,-556.855,726.98,20.17
10-13 16:42:21,-554.078,722.45,13.3
10-13 16:42:21,-559.632,727.419,21.923
10-13 16:42:21,-559.339,728.88,15.639
10-13 16:42:21,-558.901,724.788,15.054
10-13 16:42:21,-554.078,719.38,22.947
10-13 16:42:21,-555.978,722.596,22.216
10-13 16:42:21,-558.462,724.057,25.87
10-13 16:42:22,-557.586,721.719,23.97
10-13 16:42:22,-557.439,726.834,20.608
10-13 16:42:22,-558.901,722.888,21.631
10-13 16:42:22,-554.809,722.45,19.0
10-13 16:42:22,-556.27,719.526,27.916
10-13 16:42:22,-556.562,719.234,19.439
10-13 16:42:22,-556.416,721.134,19.877
10-13 16:42:22,-556.27,716.896,16.223
10-13 16:42:22,-561.97,715.726,8.477
10-13 16:42:22,-560.947,718.503,21.339
10-13 16:42:22,-555.247,716.311,9.792
10-13 16:42:22,-555.101,714.849,17.1
10-13 16:42:22,-556.709,718.503,15.054
10-13 16:42:22,-562.847,715.873,10.816
10-13 16:42:22,-555.685,719.673,15.785
10-13 16:42:22,-562.262,723.034,20.9
10-13 16:42:22,-557.293,719.088,14.908
10-13 16:42:22,-560.07,720.55,7.308
10-13 16:42:22,-558.462,719.673,16.369
10-13 16:42:22,-561.97,716.165,14.908
10-13 16:42:22,-557.001,718.796,17.1
10-13 16:42:22,-559.193,723.911,22.947
10-13 16:42:22,-561.532,725.519,17.831
10-13 16:42:22,-555.101,722.742,14.031
10-13 16:42:22,-557.586,718.503,22.362
10-13 16:42:22,-558.316,721.865,16.808
10-13 16:42:22,-560.655,720.111,21.923
10-13 16:42:22,-566.063,720.696,12.862
10-13 16:42:22,-559.924,717.919,14.469
10-13 16:42:22,-563.139,719.526,4.239
10-13 16:42:22,-525.431,724.35,18.27
10-13 16:42:22,-561.093,718.796,21.193
10-13 16:42:22,-560.655,722.742,28.793
10-13 16:42:22,-552.032,713.534,18.854
10-13 16:42:22,-539.462,718.357,10.816
10-13 16:42:22,-522.947,728.15,-8.477
10-13 16:42:22,-515.2,719.965,-10.816
10-13 16:42:22,-503.8,724.642,-19.0
10-13 16:42:22,-472.815,724.642,-17.393
10-13 16:42:22,-447.968,723.034,-17.393
10-13 16:42:22,-412.891,722.303,-24.7
10-13 16:42:22,-400.322,721.719,-27.039
10-13 16:42:22,-381.029,714.411,-44.724
10-13 16:42:22,-356.621,709.88,-62.993
10-13 16:42:22,-333.09,698.626,-103.332
10-13 16:42:22,-310.289,686.349,-129.933
10-13 16:42:22,-298.158,669.98,-146.01
10-13 16:42:22,-282.666,671.295,-139.725
10-13 16:42:22,-282.374,673.487,-144.402
10-13 16:42:22,-270.096,668.518,-134.317
10-13 16:42:22,-277.404,667.641,-139.725
10-13 16:42:22,-266.004,661.21,-162.526
10-13 16:42:22,-263.373,658.872,-175.68
10-13 16:42:22,-247.881,638.702,-204.911
10-13 16:42:22,-236.919,622.771,-226.25
10-13 16:42:22,-193.072,605.086,-262.935
10-13 16:42:22,-223.034,604.063,-257.819
10-13 16:42:22,-226.98,599.532,-256.504
10-13 16:42:22,-233.85,592.809,-282.958
10-13 16:42:22,-226.542,583.747,-310.143
10-13 16:42:22,-234.434,566.355,-347.267
10-13 16:42:22,-256.796,552.762,-366.413
10-13 16:42:22,-276.82,539.608,-389.506
10-13 16:42:22,-303.274,523.823,-417.276
10-13 16:42:22,-327.39,511.546,-444.607
10-13 16:42:22,-354.282,507.454,-444.461
10-13 16:42:22,-387.46,502.923,-453.961
10-13 16:42:22,-420.491,510.816,-460.246
10-13 16:42:22,-455.276,518.27,-466.823
10-13 16:42:22,-486.846,522.654,-454.692
10-13 16:42:22,-527.185,523.385,-447.822
10-13 16:42:22,-567.67,513.593,-453.669
10-13 16:42:22,-597.778,494.885,-452.792
10-13 16:42:22,-635.487,476.323,-461.853
10-13 16:42:22,-674.072,457.761,-455.276
10-13 16:42:22,-710.903,446.653,-430.43
10-13 16:42:22,-750.512,440.514,-419.176
10-13 16:42:22,-782.081,437.445,-394.183
10-13 16:42:22,-818.766,435.399,-363.929
10-13 16:42:22,-838.059,429.845,-350.482
10-13 16:42:22,-854.282,398.568,-350.482
10-13 16:42:22,-860.713,381.321,-343.613
10-13 16:42:22,-859.398,373.429,-355.744
10-13 16:42:22,-858.521,358.521,-359.398
10-13 16:42:22,-855.159,345.513,-359.106
10-13 16:42:22,-843.467,353.552,-363.636
10-13 16:42:22,-831.482,350.921,-375.183
10-13 16:42:22,-823.443,340.398,-375.329
10-13 16:42:22,-829.144,338.205,-377.375
10-13 16:42:22,-816.72,334.405,-379.129
10-13 16:42:22,-817.159,332.359,-380.444
10-13 16:42:22,-812.043,338.644,-387.46
10-13 16:42:23,-809.851,329.436,-380.006
10-13 16:42:23,-814.382,336.451,-370.213
10-13 16:42:23,-811.02,336.159,-367.436
10-13 16:42:23,-810.143,354.721,-363.344
10-13 16:42:23,-811.166,373.867,-360.859
10-13 16:42:23,-804.443,385.706,-364.806
10-13 16:42:23,-805.612,394.329,-354.282
10-13 16:42:23,-806.197,398.568,-349.605
10-13 16:42:23,-802.105,398.714,-349.021
10-13 16:42:23,-797.135,410.26,-336.305
10-13 16:42:23,-792.897,411.722,-347.998
10-13 16:42:23,-794.943,425.022,-331.482
10-13 16:42:23,-795.089,442.561,-324.32
10-13 16:42:23,-792.458,484.946,-340.69
10-13 16:42:23,-771.85,456.153,-341.128
10-13 16:42:23,-764.689,459.222,-342.736
10-13 16:42:23,-759.866,467.261,-342.736
10-13 16:42:23,-750.95,472.815,-329.582
10-13 16:42:23,-756.65,482.169,-328.851
10-13 16:42:23,-758.404,481.877,-332.505
10-13 16:42:23,-754.165,473.984,-326.659
10-13 16:42:23,-754.019,475.884,-329.144
10-13 16:42:23,-751.535,479.684,-334.99
10-13 16:42:23,-744.665,481.292,-347.413
10-13 16:42:23,-733.119,491.084,-347.852
10-13 16:42:23,-728.15,508.916,-337.328
10-13 16:42:23,-729.319,509.208,-336.597
10-13 16:42:23,-714.557,521.339,-324.028
10-13 16:42:23,-712.365,529.085,-338.79
10-13 16:42:23,-707.834,534.639,-334.551
10-13 16:42:23,-699.942,541.07,-332.067
10-13 16:42:23,-690.88,548.816,-333.382
10-13 16:42:23,-693.365,549.839,-328.705
10-13 16:42:23,-701.549,552.762,-317.451
10-13 16:42:23,-703.303,561.093,-319.205
10-13 16:42:23,-699.942,570.886,-298.305
10-13 16:42:23,-681.38,581.847,-292.166
10-13 16:42:23,-674.803,594.125,-276.966
10-13 16:42:23,-677.58,634.171,-274.773
10-13 16:42:23,-669.687,593.978,-278.427
10-13 16:42:23,-673.341,600.702,-266.735
10-13 16:42:23,-681.672,603.04,-258.404
10-13 16:42:23,-690.003,605.232,-253.142
10-13 16:42:23,-692.78,604.502,-249.196
10-13 16:42:23,-694.826,610.056,-249.927
10-13 16:42:23,-693.365,606.986,-232.096
10-13 16:42:23,-705.349,608.302,-238.819
10-13 16:42:23,-713.826,598.071,-224.203
10-13 16:42:23,-723.765,605.379,-229.757
10-13 16:42:23,-732.827,598.363,-223.619
10-13 16:42:23,-735.311,596.317,-218.65
10-13 16:42:23,-740.573,589.301,-216.749
10-13 16:42:23,-753.142,588.571,-209.296
10-13 16:42:23,-767.612,583.017,-213.096
10-13 16:42:23,-769.512,577.17,-207.834
10-13 16:42:23,-769.073,572.64,-205.349
10-13 16:42:23,-787.051,569.57,-202.865
10-13 16:42:23,-798.451,563.139,-206.665
10-13 16:42:23,-802.543,560.655,-205.934
10-13 16:42:23,-806.928,549.401,-209.588
10-13 16:42:23,-811.897,539.754,-217.626
10-13 16:42:23,-820.959,539.754,-215.142
10-13 16:42:23,-821.251,532.593,-210.172
10-13 16:42:23,-826.805,533.762,-203.303
10-13 16:42:23,-837.913,520.316,-205.934
10-13 16:42:23,-843.028,512.423,-212.803
10-13 16:42:23,-850.482,511.985,-198.188
10-13 16:42:23,-850.921,506.577,-208.419
10-13 16:42:23,-852.236,494.3,-214.703
10-13 16:42:23,-857.644,495.177,-204.619
10-13 16:42:23,-864.806,491.815,-201.695
10-13 16:42:23,-863.052,479.246,-197.165
10-13 16:42:23,-874.744,477.053,-199.649
10-13 16:42:23,-877.96,469.015,-198.48
10-13 16:42:23,-876.498,458.784,-210.172
10-13 16:42:23,-890.237,452.207,-202.865
10-13 16:42:23,-894.621,441.538,-199.795
10-13 16:42:23,-910.114,433.645,-192.195
10-13 16:42:23,-914.06,429.699,-185.034
10-13 16:42:23,-911.576,431.014,-186.641
10-13 16:42:23,-916.253,432.622,-192.634
10-13 16:42:23,-912.306,420.345,-199.649
10-13 16:42:23,-914.499,420.93,-201.549
10-13 16:42:23,-919.03,413.183,-195.557
10-13 16:42:23,-924.437,408.214,-199.795
10-13 16:42:23,-922.099,406.168,-198.772
10-13 16:42:23,-920.783,406.752,-207.103
10-13 16:42:23,-921.66,406.606,-205.057
10-13 16:42:23,-921.368,407.483,-206.957
10-13 16:42:23,-916.253,405.437,-214.411
10-13 16:42:23,-923.122,400.468,-210.319
10-13 16:42:24,-923.56,405.437,-226.542
10-13 16:42:24,-925.607,395.352,-224.788
10-13 16:42:24,-923.268,406.022,-225.373
10-13 16:42:24,-928.384,395.498,-221.865
10-13 16:42:24,-924.876,391.844,-236.481
10-13 16:42:24,-922.537,398.568,-236.188
10-13 16:42:24,-921.514,390.968,-235.457
10-13 16:42:24,-926.337,382.929,-243.642
10-13 16:42:24,-927.653,383.806,-247.442
10-13 16:42:24,-929.699,377.375,-258.696
10-13 16:42:24,-924.876,374.16,-258.842
10-13 16:42:24,-922.683,357.498,-267.904
10-13 16:42:24,-922.245,352.967,-285.004
10-13 16:42:24,-926.483,344.636,-277.697
10-13 16:42:24,-926.337,342.736,-289.535
10-13 16:42:24,-924.437,344.49,-277.697
10-13 16:42:24,-918.591,343.905,-281.789
10-13 16:42:24,-922.537,347.121,-292.02
10-13 16:42:24,-920.053,345.659,-301.228
10-13 16:42:24,-919.906,348.728,-278.135
10-13 16:42:24,-915.668,342.444,-297.135
10-13 16:42:24,-920.637,345.075,-301.52
10-13 16:42:24,-916.106,337.328,-310.143
10-13 16:42:24,-919.322,336.89,-297.574
10-13 16:42:24,-924.291,337.913,-287.781
10-13 16:42:24,-920.93,345.805,-274.481
10-13 16:42:24,-923.56,352.09,-263.081
10-13 16:42:24,-931.307,360.713,-249.196
10-13 16:42:24,-929.553,366.852,-242.327
10-13 16:42:24,-927.799,378.69,-231.219
10-13 16:42:24,-918.591,404.999,-225.08
10-13 16:42:24,-914.353,425.753,-211.049
10-13 16:42:24,-901.491,457.322,-190.88
10-13 16:42:24,-893.16,476.177,-169.103
10-13 16:42:24,-881.76,502.485,-153.902
10-13 16:42:24,-869.336,519.439,-158.726
10-13 16:42:24,-857.644,533.762,-157.702
10-13 16:42:24,-844.344,545.162,-157.41
10-13 16:42:24,-831.482,553.201,-161.502
10-13 16:42:24,-821.982,560.509,-171.441
10-13 16:42:24,-806.051,565.186,-178.018
10-13 16:42:24,-789.681,575.417,-188.541
10-13 16:42:24,-782.666,583.455,-191.172
10-13 16:42:24,-771.996,588.132,-195.703
10-13 16:42:24,-758.842,598.071,-191.026
10-13 16:42:24,-751.973,610.786,-185.472
10-13 16:42:24,-734.434,612.686,-170.126
10-13 16:42:24,-729.319,627.01,-177.58
10-13 16:42:24,-715.142,634.61,-175.68
10-13 16:42:24,-676.41,642.795,-175.387
10-13 16:42:24,-652.587,649.956,-197.749
10-13 16:42:24,-623.063,642.795,-228.15
10-13 16:42:24,-596.171,633.148,-266.443
10-13 16:42:24,-579.07,616.925,-303.274
10-13 16:42:24,-573.517,595.294,-349.313
10-13 16:42:24,-571.616,577.317,-365.829
10-13 16:42:24,-571.032,565.332,-386.729
10-13 16:42:24,-580.678,550.716,-395.937
10-13 16:42:24,-585.94,541.216,-411.868
10-13 16:42:24,-592.224,527.77,-410.552
10-13 16:42:24,-606.548,520.023,-423.707
10-13 16:42:24,-621.602,513.739,-414.06
10-13 16:42:24,-635.779,508.331,-402.514
10-13 16:42:24,-645.864,505.846,-396.229
10-13 16:42:24,-667.933,502.631,-397.106
10-13 16:42:24,-683.426,515.054,-377.083
10-13 16:42:24,-696.872,515.493,-364.221
10-13 16:42:24,-711.049,522.07,-351.798
10-13 16:42:24,-723.327,514.177,-346.098
10-13 16:42:24,-733.557,512.131,-348.144
10-13 16:42:24,-745.981,500.731,-352.967
10-13 16:42:24,-749.927,494.008,-348.728
10-13 16:42:24,-765.127,476.615,-366.267
10-13 16:42:24,-774.627,467.407,-362.759
10-13 16:42:24,-788.074,448.115,-361.736
10-13 16:42:24,-801.958,439.638,-361.006
10-13 16:42:24,-813.797,432.476,-363.198
10-13 16:42:24,-822.274,424.73,-365.39
10-13 16:42:24,-827.682,416.106,-354.575
10-13 16:42:24,-837.474,413.329,-366.267
10-13 16:42:24,-845.951,410.845,-351.505
10-13 16:42:24,-848.728,406.46,-341.567
10-13 16:42:24,-849.021,410.991,-333.528
10-13 16:42:24,-852.675,423.853,-330.605
10-13 16:42:24,-851.798,418.299,-334.697
10-13 16:42:24,-854.575,424.437,-339.082
10-13 16:42:24,-862.613,422.245,-326.22
10-13 16:42:24,-863.344,421.66,-336.597
10-13 16:42:24,-864.075,415.814,-337.767
10-13 16:42:24,-868.313,409.383,-335.867
10-13 16:42:24,-874.013,403.829,-315.113
10-13 16:42:25,-878.398,398.129,-311.605
10-13 16:42:25,-876.644,388.483,-309.412
10-13 16:42:25,-872.698,393.891,-305.612
10-13 16:42:25,-862.906,405.145,-300.351
10-13 16:42:25,-853.405,415.668,-285.443
10-13 16:42:25,-847.998,420.345,-281.935
10-13 16:42:25,-826.951,416.253,-286.612
10-13 16:42:25,-812.482,403.975,-323.59
10-13 16:42:25,-779.158,397.398,-353.698
10-13 16:42:25,-777.697,407.922,-367.729
10-13 16:42:25,-782.227,417.422,-373.867
10-13 16:42:25,-782.081,433.937,-377.375
10-13 16:42:25,-781.204,447.091,-380.59
10-13 16:42:25,-781.497,452.061,-373.721
10-13 16:42:25,-791.874,453.084,-390.821
10-13 16:42:25,-790.704,450.599,-416.399
10-13 16:42:25,-784.566,448.115,-428.822
10-13 16:42:25,-786.027,443.438,-455.422
10-13 16:42:25,-786.612,449.138,-454.107
10-13 16:42:25,-778.866,452.061,-448.261
10-13 16:42:25,-773.166,460.684,-448.845
10-13 16:42:25,-786.174,472.815,-444.899
10-13 16:42:25,-786.466,476.907,-455.715
10-13 16:42:25,-787.051,477.346,-443.145
10-13 16:42:25,-788.366,473.692,-438.907
10-13 16:42:25,-780.474,479.392,-429.845
10-13 16:42:25,-781.204,475.592,-440.368
10-13 16:42:25,-769.366,481.877,-437.591
10-13 16:42:25,-765.858,482.9,-452.061
10-13 16:42:25,-748.904,482.607,-449.868
10-13 16:42:25,-747.735,478.661,-439.199
10-13 16:42:25,-738.819,476.323,-434.084
10-13 16:42:25,-743.788,474.423,-424.73
10-13 16:42:25,-750.658,469.015,-380.298
10-13 16:42:25,-765.566,464.338,-369.483
10-13 16:42:25,-779.889,462.146,-349.752
10-13 16:42:25,-783.397,451.184,-340.251
10-13 16:42:25,-793.92,451.476,-333.967
10-13 16:42:25,-804.589,448.407,-326.367
10-13 16:42:25,-809.705,451.33,-336.597
10-13 16:42:25,-804.589,453.961,-341.567
10-13 16:42:25,-798.158,457.907,-345.367
10-13 16:42:25,-793.189,469.6,-347.705
10-13 16:42:25,-785.735,484.215,-351.652
10-13 16:42:25,-775.212,496.638,-349.021
10-13 16:42:25,-770.243,492.108,-360.421
10-13 16:42:25,-768.343,494.3,-369.336
10-13 16:42:25,-766.735,488.892,-369.483
10-13 16:42:25,-759.719,481.438,-374.16
10-13 16:42:25,-756.796,483.192,-372.406
10-13 16:42:25,-747.735,499.854,-377.375
10-13 16:42:25,-746.273,514.323,-352.967
10-13 16:42:25,-741.304,521.193,-360.567
10-13 16:42:25,-729.465,511.692,-364.075
10-13 16:42:25,-735.457,500.292,-379.86
10-13 16:42:25,-723.327,478.515,-410.552
10-13 16:42:25,-716.457,466.238,-415.96
10-13 16:42:25,-716.603,457.469,-417.568
10-13 16:42:25,-717.334,462.146,-417.276
10-13 16:42:25,-716.311,482.607,-400.029
10-13 16:42:25,-722.45,492.985,-377.375
10-13 16:42:25,-730.927,508.623,-369.044
10-13 16:42:25,-733.557,510.085,-360.275
10-13 16:42:25,-741.304,513.154,-352.821
10-13 16:42:25,-748.027,508.623,-345.951
10-13 16:42:25,-740.865,514.031,-348.144
10-13 16:42:25,-741.011,520.462,-343.028
10-13 16:42:25,-735.457,531.424,-329.728
10-13 16:42:25,-729.465,540.924,-322.128
10-13 16:42:25,-727.857,546.916,-316.136
10-13 16:42:25,-731.365,548.232,-312.043
10-13 16:42:25,-750.073,542.093,-309.851
10-13 16:42:25,-761.327,523.677,-310.436
10-13 16:42:25,-773.166,514.323,-312.774
10-13 16:42:25,-790.266,503.508,-319.497
10-13 16:42:25,-790.412,489.915,-319.497
10-13 16:42:25,-795.381,493.423,-310.436
10-13 16:42:25,-792.897,501.608,-304.735
10-13 16:42:25,-791.581,509.208,-297.574
10-13 16:42:25,-784.566,519.585,-288.804
10-13 16:42:25,-793.043,533.177,-265.127
10-13 16:42:25,-787.781,534.054,-265.712
10-13 16:42:25,-806.635,512.569,-265.566
10-13 16:42:25,-822.42,466.823,-284.858
10-13 16:42:25,-834.844,445.484,-294.651
10-13 16:42:25,-833.09,442.268,-291.143
10-13 16:42:25,-842.59,445.191,-288.658
10-13 16:42:25,-834.697,456.007,-282.958
10-13 16:42:25,-833.821,462.73,-274.335
10-13 16:42:25,-835.282,465.069,-266.589
10-13 16:42:25,-832.213,473.984,-271.412
10-13 16:42:26,-835.721,481.0,-259.866
10-13 16:42:26,-828.12,487.869,-250.365
10-13 16:42:26,-827.243,493.569,-245.981
10-13 16:42:26,-826.805,502.923,-241.304
10-13 16:42:26,-823.443,509.792,-237.211
10-13 16:42:26,-820.813,512.569,-225.227
10-13 16:42:26,-819.205,519.877,-222.011
10-13 16:42:26,-817.743,518.27,-217.48
10-13 16:42:26,-815.697,527.039,-215.58
10-13 16:42:26,-812.043,526.893,-235.311
10-13 16:42:26,-800.058,532.739,-239.988
10-13 16:42:26,-802.251,534.347,-248.904
10-13 16:42:26,-805.174,536.101,-241.45
10-13 16:42:26,-804.589,534.201,-232.681
10-13 16:42:26,-805.612,536.539,-231.073
10-13 16:42:26,-806.343,537.854,-226.98
10-13 16:42:26,-810.582,537.708,-221.134
10-13 16:42:26,-813.943,537.708,-220.842
10-13 16:42:26,-809.705,544.285,-218.065
10-13 16:42:26,-804.443,541.362,-217.188
10-13 16:42:26,-803.566,551.447,-208.272
10-13 16:42:26,-804.297,556.416,-211.926
10-13 16:42:26,-796.843,559.486,-214.557
10-13 16:42:26,-790.558,573.37,-198.918
10-13 16:42:26,-777.697,586.378,-181.38
10-13 16:42:26,-756.65,598.217,-171.003
10-13 16:42:26,-734.727,626.425,-165.595
10-13 16:42:26,-698.772,635.633,-191.172
10-13 16:42:26,-670.272,642.064,-203.888
10-13 16:42:26,-650.833,648.933,-228.588
10-13 16:42:26,-632.71,646.741,-241.304
10-13 16:42:26,-614.586,644.256,-254.165
10-13 16:42:26,-605.379,639.433,-277.55
10-13 16:42:26,-592.078,638.118,-277.697
10-13 16:42:26,-581.701,636.802,-287.051
10-13 16:42:26,-573.955,642.941,-282.812
10-13 16:42:26,-570.886,648.495,-274.627
10-13 16:42:26,-568.255,650.102,-267.904
10-13 16:42:26,-565.039,646.156,-266.589
10-13 16:42:26,-568.547,646.741,-272.873
10-13 16:42:26,-568.255,632.417,-292.458
10-13 16:42:26,-591.786,621.748,-318.036
10-13 16:42:26,-627.887,600.117,-320.813
10-13 16:42:26,-689.857,551.447,-351.359
10-13 16:42:26,-713.534,520.316,-359.836
10-13 16:42:26,-732.681,494.3,-361.006
10-13 16:42:26,-750.219,473.692,-365.975
10-13 16:42:26,-759.427,451.915,-370.944
10-13 16:42:26,-772.873,432.914,-376.644
10-13 16:42:26,-782.812,412.452,-377.083
10-13 16:42:26,-793.774,402.368,-361.736
10-13 16:42:26,-808.389,396.96,-355.013
10-13 16:42:26,-818.182,380.59,-350.482
10-13 16:42:26,-826.951,379.714,-337.621
10-13 16:42:26,-826.805,366.121,-335.721
10-13 16:42:26,-836.89,359.544,-336.013
10-13 16:42:26,-839.374,349.167,-324.613
10-13 16:42:26,-844.051,339.082,-327.536
10-13 16:42:26,-846.682,321.982,-325.343
10-13 16:42:26,-850.19,309.412,-324.467
10-13 16:42:26,-848.582,288.074,-331.92
10-13 16:42:26,-857.352,284.274,-327.974
10-13 16:42:26,-858.521,268.635,-321.105
10-13 16:42:26,-855.89,257.819,-325.197
10-13 16:42:26,-856.767,253.289,-327.243
10-13 16:42:26,-856.036,256.65,-328.12
10-13 16:42:26,-853.698,266.004,-332.359
10-13 16:42:26,-852.529,292.02,-331.92
10-13 16:42:26,-852.821,371.236,-323.443
10-13 16:42:26,-836.451,395.498,-314.674
10-13 16:42:26,-820.813,414.206,-313.797
10-13 16:42:26,-816.866,427.799,-327.974
10-13 16:42:26,-809.559,436.422,-328.559
10-13 16:42:26,-809.266,436.568,-336.451
10-13 16:42:26,-806.051,430.284,-345.367
10-13 16:42:26,-806.343,425.607,-338.79
10-13 16:42:26,-810.143,422.976,-339.228
10-13 16:42:26,-810.728,409.383,-334.844
10-13 16:42:26,-813.213,405.437,-339.521
10-13 16:42:26,-815.989,404.122,-349.167
10-13 16:42:26,-822.274,399.737,-354.282
10-13 16:42:26,-814.236,393.014,-349.459
10-13 16:42:26,-813.066,400.175,-343.905
10-13 16:42:26,-810.582,420.93,-351.944
10-13 16:42:26,-802.982,425.168,-349.459
10-13 16:42:26,-792.02,425.168,-353.844
10-13 16:42:26,-787.489,412.16,-365.975
10-13 16:42:26,-785.589,411.576,-356.621
10-13 16:42:26,-789.535,422.391,-360.859
10-13 16:42:26,-785.004,435.107,-358.082
10-13 16:42:26,-789.097,450.161,-339.813
10-13 16:42:27,-775.504,452.938,-344.928
10-13 16:42:27,-772.873,458.93,-354.575
10-13 16:42:27,-763.812,457.469,-365.829
10-13 16:42:27,-749.781,459.515,-375.621
10-13 16:42:27,-743.642,474.13,-372.844
10-13 16:42:27,-746.565,480.415,-361.59
10-13 16:42:27,-747.004,487.869,-359.982
10-13 16:42:27,-750.512,501.462,-335.721
10-13 16:42:27,-749.488,507.162,-332.067
10-13 16:42:27,-747.881,508.769,-331.92
10-13 16:42:27,-750.073,518.854,-321.105
10-13 16:42:27,-745.396,516.223,-326.805
10-13 16:42:27,-744.665,525.723,-325.49
10-13 16:42:27,-732.388,532.154,-325.343
10-13 16:42:27,-728.442,538.878,-322.713
10-13 16:42:27,-727.273,547.062,-306.928
10-13 16:42:27,-731.219,548.085,-304.151
10-13 16:42:27,-739.988,546.916,-297.428
10-13 16:42:27,-750.365,548.816,-286.758
10-13 16:42:27,-754.312,544.87,-278.72
10-13 16:42:27,-756.796,538.439,-285.589
10-13 16:42:27,-761.473,534.347,-279.158
10-13 16:42:27,-764.981,529.524,-289.974
10-13 16:42:27,-758.696,530.4,-288.512
10-13 16:42:27,-749.342,532.739,-291.289
10-13 16:42:27,-747.442,523.385,-307.074
10-13 16:42:27,-742.473,524.262,-294.358
10-13 16:42:27,-742.473,524.993,-268.343
10-13 16:42:27,-739.111,531.277,-306.197
10-13 16:42:27,-739.111,533.762,-298.597
10-13 16:42:27,-747.004,538.731,-286.612
10-13 16:42:27,-743.35,535.224,-289.828
10-13 16:42:27,-741.888,524.262,-287.197
10-13 16:42:27,-741.45,530.985,-296.989
10-13 16:42:27,-748.027,530.693,-286.32
10-13 16:42:27,-746.711,529.524,-273.897
10-13 16:42:27,-756.65,530.547,-277.843
10-13 16:42:27,-755.481,523.239,-272.143
10-13 16:42:27,-762.935,528.647,-266.881
10-13 16:42:27,-770.243,527.477,-260.158
10-13 16:42:27,-768.635,527.77,-245.104
10-13 16:42:27,-771.412,524.116,-239.988
10-13 16:42:27,-777.404,529.524,-242.181
10-13 16:42:27,-777.404,534.785,-226.688
10-13 16:42:27,-785.297,546.331,-225.08
10-13 16:42:27,-778.574,545.162,-220.696
10-13 16:42:27,-771.558,549.255,-217.773
10-13 16:42:27,-776.235,551.008,-204.765
10-13 16:42:27,-784.42,552.909,-205.788
10-13 16:42:27,-775.65,548.67,-195.849
10-13 16:42:27,-783.543,556.27,-201.403
10-13 16:42:27,-780.035,556.855,-200.234
10-13 16:42:27,-779.889,557.878,-207.688
10-13 16:42:27,-765.127,583.601,-189.711
10-13 16:42:27,-746.711,598.655,-167.787
10-13 16:42:27,-731.95,610.64,-155.949
10-13 16:42:27,-728.734,618.533,-139.141
10-13 16:42:27,-736.481,621.456,-94.855
10-13 16:42:27,-753.873,619.702,-75.417
10-13 16:42:27,-777.112,604.794,-50.862
10-13 16:42:27,-792.897,597.34,-10.669
10-13 16:42:27,-811.02,576.878,11.254
10-13 16:42:27,-833.821,549.839,31.57
10-13 16:42:27,-849.459,522.07,41.801
10-13 16:42:27,-856.036,499.269,55.393
10-13 16:42:27,-853.99,493.277,43.408
10-13 16:42:27,-849.021,492.254,39.462
10-13 16:42:27,-842.736,490.061,51.593
10-13 16:42:27,-837.182,474.861,77.463
10-13 16:42:27,-819.351,466.384,90.324
10-13 16:42:27,-815.843,452.353,95.732
10-13 16:42:27,-808.974,422.099,89.155
10-13 16:42:27,-814.966,393.16,78.632
10-13 16:42:27,-817.305,358.229,66.793
10-13 16:42:27,-800.351,339.082,48.378
10-13 16:42:27,-795.528,332.359,60.07
10-13 16:42:27,-781.058,331.628,81.117
10-13 16:42:27,-766.881,329.144,102.309
10-13 16:42:27,-763.081,330.313,99.094
10-13 16:42:27,-765.712,305.32,83.747
10-13 16:42:27,-771.266,281.935,62.262
10-13 16:42:27,-777.697,269.804,37.562
10-13 16:42:27,-784.127,271.85,20.754
10-13 16:42:27,-785.443,273.458,3.215
10-13 16:42:27,-795.966,281.35,-15.639
10-13 16:42:27,-796.258,274.335,-20.462
10-13 16:42:27,-812.628,281.643,-30.254
10-13 16:42:27,-820.959,295.235,-26.162
10-13 16:42:27,-836.89,322.859,-34.493
10-13 16:42:27,-842.444,385.267,-33.177
10-13 16:42:27,-840.69,448.407,-36.539
10-13 16:42:28,-838.205,484.361,-3.654
10-13 16:42:28,-817.89,530.4,17.977
10-13 16:42:28,-798.451,559.778,28.647
10-13 16:42:28,-776.966,580.532,47.647
10-13 16:42:28,-757.966,601.286,55.685
10-13 16:42:28,-740.719,607.717,81.994
10-13 16:42:28,-713.68,623.794,85.647
10-13 16:42:28,-691.903,631.248,92.371
10-13 16:42:28,-680.649,639.433,105.817
10-13 16:42:28,-681.672,636.656,116.34
10-13 16:42:28,-685.472,631.248,122.186
10-13 16:42:28,-686.495,632.856,122.04
10-13 16:42:28,-696.872,621.31,125.402
10-13 16:42:28,-718.065,604.063,146.448
10-13 16:42:28,-723.034,598.217,153.61
10-13 16:42:28,-731.219,592.224,153.902
10-13 16:42:28,-738.965,572.64,169.687
10-13 16:42:28,-740.134,572.786,169.395
10-13 16:42:28,-738.234,576.293,160.626
10-13 16:42:28,-754.165,581.555,152.733
10-13 16:42:28,-752.85,557.586,167.349
10-13 16:42:28,-772.581,550.57,174.949
10-13 16:42:28,-782.227,548.378,156.533
10-13 16:42:28,-796.551,540.924,144.402
10-13 16:42:28,-815.697,530.985,125.987
10-13 16:42:28,-822.42,534.493,105.232
10-13 16:42:28,-840.836,531.424,74.832
10-13 16:42:28,-843.467,532.447,62.409
10-13 16:42:28,-855.89,532.739,34.054
10-13 16:42:28,-859.544,529.085,37.124
10-13 16:42:28,-866.998,539.024,20.462
10-13 16:42:28,-867.875,540.631,9.208
10-13 16:42:28,-861.444,551.008,6.139
10-13 16:42:28,-865.683,554.37,-10.377
10-13 16:42:28,-861.006,558.316,-9.208
10-13 16:42:28,-864.075,562.847,-30.985
10-13 16:42:28,-862.321,565.332,-41.801
10-13 16:42:28,-859.106,574.393,-58.901
10-13 16:42:28,-853.259,587.986,-54.516
10-13 16:42:28,-831.482,600.702,-53.201
10-13 16:42:28,-826.951,601.578,-51.155
10-13 16:42:28,-825.051,603.04,-52.032
10-13 16:42:28,-824.174,608.156,-67.816
10-13 16:42:28,-819.497,614.148,-85.94
10-13 16:42:28,-824.613,617.948,-83.017
10-13 16:42:28,-814.82,615.317,-84.917
10-13 16:42:28,-820.813,623.356,-74.832
10-13 16:42:28,-809.705,618.094,-63.432
10-13 16:42:28,-808.974,619.994,-48.232
10-13 16:42:28,-810.289,614.294,-39.901
10-13 16:42:28,-808.828,616.34,-39.608
10-13 16:42:28,-797.72,637.094,-28.062
10-13 16:42:28,-778.135,640.602,-14.323
10-13 16:42:28,-763.227,649.372,-24.7
10-13 16:42:28,-744.227,660.626,-13.593
10-13 16:42:28,-727.857,671.295,-16.516
10-13 16:42:28,-711.488,675.533,-7.892
10-13 16:42:28,-691.757,689.126,-6.431
10-13 16:42:28,-680.649,693.949,8.039
10-13 16:42:28,-678.749,691.903,-3.654
10-13 16:42:28,-685.18,688.395,-0.146
10-13 16:42:28,-697.603,685.911,-6.139
10-13 16:42:28,-706.957,682.987,-5.846
10-13 16:42:28,-713.096,679.041,8.623
10-13 16:42:28,-728.004,669.833,24.7
10-13 16:42:28,-731.073,666.618,34.785
10-13 16:42:28,-725.227,670.418,24.7
10-13 16:42:28,-715.288,679.334,14.469
10-13 16:42:28,-703.157,685.472,8.331
10-13 16:42:28,-691.611,691.172,-2.192
10-13 16:42:28,-690.295,691.903,-26.747
10-13 16:42:28,-684.741,696.288,-21.777
10-13 16:42:28,-682.257,689.418,-20.17
10-13 16:42:28,-686.203,693.511,-15.931
10-13 16:42:28,-690.003,691.611,-6.285
10-13 16:42:28,-700.818,692.78,3.8
10-13 16:42:28,-699.065,679.187,1.608
10-13 16:42:28,-709.149,678.603,8.623
10-13 16:42:28,-711.342,676.41,-10.085
10-13 16:42:28,-719.819,681.964,-14.177
10-13 16:42:28,-718.357,679.187,-22.07
10-13 16:42:28,-716.311,684.595,-37.708
10-13 16:42:28,-719.088,681.672,-42.678
10-13 16:42:28,-713.388,675.68,-44.285
10-13 16:42:29,-717.919,680.503,-35.954
10-13 16:42:29,-720.696,675.241,-31.131
10-13 16:42:29,-728.734,672.172,-26.016
10-13 16:42:29,-738.819,665.595,-29.67
10-13 16:42:29,-745.104,667.787,-26.162
10-13 16:42:29,-754.019,655.364,-45.893
10-13 16:42:29,-751.973,659.895,-53.055
10-13 16:42:29,-753.435,661.941,-48.524
10-13 16:42:29,-746.127,662.379,-43.993
10-13 16:42:29,-749.05,662.964,-49.255
10-13 16:42:29,-761.327,651.71,-55.393
10-13 16:42:29,-770.389,649.372,-66.063
10-13 16:42:29,-778.281,647.764,-69.278
10-13 16:42:29,-799.62,630.81,-69.424
10-13 16:42:29,-807.22,625.402,-81.117
10-13 16:42:29,-814.236,624.379,-75.855
10-13 16:42:29,-815.113,620.286,-72.932
10-13 16:42:29,-817.451,611.809,-51.739
10-13 16:42:29,-809.851,617.363,-65.186
10-13 16:42:29,-805.174,616.486,-62.701
10-13 16:42:29,-802.105,623.21,-48.378
10-13 16:42:29,-795.235,628.033,-39.754
10-13 16:42:29,-785.589,636.364,-36.539
10-13 16:42:29,-783.397,637.971,-30.254
10-13 16:42:29,-778.72,635.633,-39.754
10-13 16:42:29,-771.412,641.625,-36.539
10-13 16:42:29,-778.135,636.364,-36.393
10-13 16:42:29,-768.927,638.848,-32.885
10-13 16:42:29,-763.519,638.848,-23.093
10-13 16:42:29,-761.619,647.033,-28.062
10-13 16:42:29,-758.989,651.125,-2.192
10-13 16:42:29,-755.919,650.248,1.9
10-13 16:42:29,-754.019,648.202,-1.754
10-13 16:42:29,-757.966,650.248,-5.992
10-13 16:42:29,-766.004,640.894,-22.07
10-13 16:42:29,-769.073,636.364,-20.462
10-13 16:42:29,-784.127,634.025,-34.054
10-13 16:42:29,-788.951,628.764,-40.631
10-13 16:42:29,-798.889,627.01,-41.216
10-13 16:42:29,-802.251,619.702,-35.954
10-13 16:42:29,-792.605,627.01,-41.801
10-13 16:42:29,-803.566,624.963,-44.285
10-13 16:42:29,-802.982,620.433,-39.608
10-13 16:42:29,-808.097,617.802,-39.316
10-13 16:42:29,-812.482,617.363,-55.247
10-13 16:42:29,-814.82,606.548,-52.324
10-13 16:42:29,-826.513,603.917,-57.439
10-13 16:42:29,-825.636,601.871,-67.378
10-13 16:42:29,-831.774,593.832,-70.886
10-13 16:42:29,-834.844,593.832,-69.863
10-13 16:42:29,-831.482,588.863,-68.547
10-13 16:42:29,-837.328,600.117,-72.932
10-13 16:42:29,-813.505,602.748,-74.54
10-13 16:42:29,-809.559,616.048,-64.163
10-13 16:42:29,-795.381,617.948,-62.409
10-13 16:42:29,-786.758,633.587,-70.886
10-13 16:42:29,-782.812,637.825,-79.07
10-13 16:42:29,-762.058,643.233,-84.04
10-13 16:42:29,-759.135,649.518,-91.201
10-13 16:42:29,-748.758,658.726,-87.84
10-13 16:42:29,-739.696,668.664,-92.078
10-13 16:42:29,-722.596,669.687,-91.64
10-13 16:42:29,-704.326,674.803,-101.432
10-13 16:42:29,-689.711,683.28,-122.333
10-13 16:42:29,-688.541,688.103,-122.771
10-13 16:42:29,-668.956,695.557,-139.725
10-13 16:42:29,-650.833,697.311,-160.772
10-13 16:42:29,-635.048,704.034,-171.003
10-13 16:42:29,-624.817,697.165,-205.203
10-13 16:42:29,-605.525,700.38,-232.973
10-13 16:42:29,-597.486,696.434,-245.396
10-13 16:42:29,-586.817,693.803,-264.396
10-13 16:42:29,-574.832,690.003,-294.066
10-13 16:42:29,-569.716,686.787,-305.028
10-13 16:42:29,-564.016,679.48,-321.251
10-13 16:42:29,-563.139,677.726,-332.067
10-13 16:42:29,-550.57,679.334,-347.705
10-13 16:42:29,-557.732,673.341,-366.121
10-13 16:42:29,-583.747,720.111,-251.535
10-13 16:42:29,-620.286,749.635,-136.51
10-13 16:42:29,-616.925,747.442,-154.633
10-13 16:42:29,-587.109,751.973,-153.756
10-13 16:42:29,-632.271,755.189,-110.494
10-13 16:42:29,-664.426,750.365,-66.647
10-13 16:42:29,-692.195,742.327,-39.754
10-13 16:42:29,-683.572,742.619,-142.356
10-13 16:42:29,-655.072,712.803,-278.135
10-13 16:42:29,-637.825,685.911,-348.728
10-13 16:42:29,-668.81,681.964,-352.967
10-13 16:42:29,-664.133,639.871,-436.568
10-13 16:42:29,-642.941,585.501,-494.446
10-13 16:42:29,-639.725,538.439,-540.485
10-13 16:42:30,-631.979,517.539,-544.139
10-13 16:42:30,-628.471,551.593,-520.9
10-13 16:42:30,-613.709,591.932,-477.784
10-13 16:42:30,-606.548,640.894,-413.622
10-13 16:42:30,-597.194,677.433,-365.244
10-13 16:42:30,-606.402,701.403,-319.643
10-13 16:42:30,-612.248,707.688,-295.674
10-13 16:42:30,-625.987,712.072,-275.797
10-13 16:42:30,-640.602,707.834,-279.158
10-13 16:42:30,-638.41,703.157,-289.243
10-13 16:42:30,-650.102,696.726,-287.635
10-13 16:42:30,-647.325,692.341,-291.289
10-13 16:42:30,-640.748,694.826,-279.743
10-13 16:42:30,-628.325,710.319,-259.281
10-13 16:42:30,-615.902,713.388,-226.688
10-13 16:42:30,-578.047,729.757,-177.141
10-13 16:42:30,-589.594,730.488,-158.287
10-13 16:42:30,-583.309,731.95,-130.225
10-13 16:42:30,-582.14,729.173,-111.371
10-13 16:42:30,-580.532,732.681,-100.994
10-13 16:42:30,-583.747,733.557,-66.209
10-13 16:42:30,-588.424,730.05,-40.631
10-13 16:42:30,-595.294,727.419,2.923
10-13 16:42:30,-589.301,713.826,30.108
10-13 16:42:30,-577.755,719.673,27.477
10-13 16:42:30,-572.493,717.626,9.354
10-13 16:42:30,-574.101,714.557,4.092
10-13 16:42:30,-593.54,711.78,9.792
10-13 16:42:30,-619.848,701.842,17.685
10-13 16:42:30,-632.564,692.634,25.431
10-13 16:42:30,-636.217,687.226,60.216
10-13 16:42:30,-628.617,672.903,103.917
10-13 16:42:30,-606.255,666.179,132.271
10-13 16:42:30,-590.324,658.287,139.579
10-13 16:42:30,-594.417,651.272,146.448
10-13 16:42:30,-606.109,638.556,161.356
10-13 16:42:30,-626.279,625.548,170.418
10-13 16:42:30,-661.502,605.232,194.68
10-13 16:42:30,-690.734,564.601,212.803
10-13 16:42:30,-707.103,545.016,235.604
10-13 16:42:30,-709.296,540.047,231.657
10-13 16:42:30,-674.803,570.009,220.111
10-13 16:42:30,-676.118,575.27,195.995
10-13 16:42:30,-691.172,563.724,206.519
10-13 16:42:30,-707.395,545.308,200.818
10-13 16:42:30,-725.665,527.477,199.211
10-13 16:42:30,-735.604,526.016,194.534
10-13 16:42:30,-734.873,532.593,190.003
10-13 16:42:30,-727.419,543.847,193.803
10-13 16:42:30,-723.765,553.201,177.872
10-13 16:42:30,-732.681,544.87,172.318
10-13 16:42:30,-741.742,539.754,180.795
10-13 16:42:30,-761.327,521.193,187.957
10-13 16:42:30,-760.596,522.07,175.241
10-13 16:42:30,-769.073,531.131,151.856
10-13 16:42:30,-763.519,537.416,154.925
10-13 16:42:30,-761.766,542.97,149.664
10-13 16:42:30,-749.488,561.239,139.871
10-13 16:42:30,-742.327,570.155,111.079
10-13 16:42:30,-735.896,581.701,106.402
10-13 16:42:30,-738.234,588.132,95.001
10-13 16:42:30,-736.627,598.509,85.501
10-13 16:42:30,-734.434,604.794,71.616
10-13 16:42:30,-738.527,607.863,65.916
10-13 16:42:30,-730.927,612.54,51.739
10-13 16:42:30,-723.911,622.917,43.701
10-13 16:42:30,-715.142,637.387,28.647
10-13 16:42:30,-703.595,650.979,15.639
10-13 16:42:30,-702.572,658.141,-15.054
10-13 16:42:30,-692.341,659.31,-24.7
10-13 16:42:30,-684.595,663.841,-20.023
10-13 16:42:30,-674.218,666.326,-29.816
10-13 16:42:30,-663.256,676.557,-32.008
10-13 16:42:30,-649.81,685.764,-30.839
10-13 16:42:30,-634.61,688.541,-43.555
10-13 16:42:30,-618.533,697.603,-48.232
10-13 16:42:30,-607.863,707.542,-62.262
10-13 16:42:30,-597.925,711.634,-81.847
10-13 16:42:30,-586.232,705.642,-77.463
10-13 16:42:30,-576.44,705.934,-100.702
10-13 16:42:30,-575.709,711.926,-96.317
10-13 16:42:30,-569.863,709.734,-92.809
10-13 16:42:30,-570.301,710.903,-98.509
10-13 16:42:30,-564.601,710.319,-105.671
10-13 16:42:30,-556.27,713.826,-119.41
10-13 16:42:30,-542.531,710.903,-126.425
10-13 16:42:30,-532.008,707.688,-140.31
10-13 16:42:30,-522.654,705.788,-151.272
10-13 16:42:30,-513.593,701.695,-167.349
10-13 16:42:30,-506.723,695.849,-177.433
10-13 16:42:30,-494.446,698.188,-188.541
10-13 16:42:30,-462.876,692.488,-190.003
10-13 16:42:31,-443.145,684.011,-194.095
10-13 16:42:31,-437.445,687.08,-199.065
10-13 16:42:31,-427.507,679.334,-188.103
10-13 16:42:31,-423.999,682.403,-189.711
10-13 16:42:31,-420.053,680.21,-185.472
10-13 16:42:31,-420.637,679.772,-178.457
10-13 16:42:31,-418.299,678.31,-192.341
10-13 16:42:31,-421.076,673.926,-196.434
10-13 16:42:31,-413.037,675.826,-211.634
10-13 16:42:31,-409.968,675.826,-204.326
10-13 16:42:31,-397.691,670.71,-202.426
10-13 16:42:31,-398.568,662.526,-199.357
10-13 16:42:31,-385.706,675.533,-197.749
10-13 16:42:31,-375.767,673.926,-188.98
10-13 16:42:31,-372.113,671.733,-190.734
10-13 16:42:31,-358.082,663.11,-177.141
10-13 16:42:31,-347.998,671.88,-176.41
10-13 16:42:31,-335.574,659.164,-166.033
10-13 16:42:31,-332.213,665.01,-165.595
10-13 16:42:31,-330.751,666.472,-154.487
10-13 16:42:31,-330.02,669.687,-153.61
10-13 16:42:31,-340.982,669.249,-146.448
10-13 16:42:31,-331.482,664.718,-143.087
10-13 16:42:31,-337.474,667.056,-142.502
10-13 16:42:31,-328.997,666.033,-143.964
10-13 16:42:31,-326.22,667.641,-129.933
10-13 16:42:31,-329.874,672.026,-114.002
10-13 16:42:31,-331.044,674.949,-112.102
10-13 16:42:31,-337.474,680.357,-88.424
10-13 16:42:31,-340.69,685.18,-69.863
10-13 16:42:31,-338.936,688.103,-66.063
10-13 16:42:31,-344.344,694.972,-58.755
10-13 16:42:31,-339.228,687.957,-74.832
10-13 16:42:31,-343.613,685.034,-82.724
10-13 16:42:31,-339.813,680.649,-86.817
10-13 16:42:31,-347.559,686.787,-81.701
10-13 16:42:31,-350.19,689.711,-77.024
10-13 16:42:31,-356.475,691.611,-62.409
10-13 16:42:31,-355.452,694.68,-56.709
10-13 16:42:31,-366.267,699.357,-60.509
10-13 16:42:31,-370.798,700.818,-34.493
10-13 16:42:31,-370.36,699.065,-29.231
10-13 16:42:31,-384.098,698.48,-29.962
10-13 16:42:31,-395.498,699.795,-32.008
10-13 16:42:31,-407.922,702.28,-15.785
10-13 16:42:31,-419.76,706.665,-12.277
10-13 16:42:31,-428.676,710.172,-15.054
10-13 16:42:31,-437.591,704.619,-6.723
10-13 16:42:31,-441.538,710.319,-20.608
10-13 16:42:31,-450.161,706.665,-9.208
10-13 16:42:31,-467.7,706.372,-1.9
10-13 16:42:31,-480.707,704.326,-2.046
10-13 16:42:31,-482.754,709.149,1.315
10-13 16:42:31,-492.108,714.557,4.092
10-13 16:42:31,-494.885,704.034,4.239
10-13 16:42:31,-501.023,710.465,3.654
10-13 16:42:31,-504.239,709.003,4.531
10-13 16:42:31,-514.031,707.542,-3.8
10-13 16:42:31,-517.831,709.149,5.554
10-13 16:42:31,-533.616,709.442,11.839
10-13 16:42:31,-540.047,707.834,8.623
10-13 16:42:31,-538.585,710.611,-3.362
10-13 16:42:31,-549.839,699.795,6.139
10-13 16:42:31,-548.378,701.403,13.885
10-13 16:42:31,-557.001,702.426,22.947
10-13 16:42:31,-562.701,694.241,11.546
10-13 16:42:31,-562.409,700.526,-1.608
10-13 16:42:31,-564.747,697.457,-3.508
10-13 16:42:31,-563.87,699.649,-16.954
10-13 16:42:31,-563.724,699.357,-16.369
10-13 16:42:31,-559.193,704.472,-30.254
10-13 16:42:31,-554.078,704.472,-36.685
10-13 16:42:31,-545.308,702.134,-31.57
10-13 16:42:31,-547.355,705.642,-31.716
10-13 16:42:31,-549.547,702.134,-33.616
10-13 16:42:31,-546.331,702.865,-33.324
10-13 16:42:31,-531.57,708.711,-35.808
10-13 16:42:31,-522.654,708.419,-51.447
10-13 16:42:31,-505.992,708.419,-63.139
10-13 16:42:31,-493.423,710.611,-78.778
10-13 16:42:31,-485.092,709.003,-96.025
10-13 16:42:31,-478.807,704.034,-114.294
10-13 16:42:31,-473.253,703.157,-113.125
10-13 16:42:31,-460.538,705.495,-122.479
10-13 16:42:31,-454.253,705.203,-115.463
10-13 16:42:31,-445.484,696.434,-113.856
10-13 16:42:31,-432.768,698.042,-121.894
10-13 16:42:31,-430.284,701.111,-118.386
10-13 16:42:31,-423.56,698.188,-124.233
10-13 16:42:31,-410.26,698.772,-128.033
10-13 16:42:31,-412.014,690.734,-141.771
10-13 16:42:31,-405.729,692.926,-155.51
10-13 16:42:32,-400.322,682.987,-176.557
10-13 16:42:32,-400.76,684.887,-178.603
10-13 16:42:32,-398.714,684.011,-200.965
10-13 16:42:32,-393.598,676.41,-200.672
10-13 16:42:32,-397.837,681.964,-210.611
10-13 16:42:32,-396.814,672.757,-214.557
10-13 16:42:32,-396.229,678.018,-215.142
10-13 16:42:32,-405.729,673.049,-220.403
10-13 16:42:32,-414.937,689.126,-206.372
10-13 16:42:32,-447.238,685.911,-193.072
10-13 16:42:32,-469.161,694.826,-174.803
10-13 16:42:32,-474.861,699.503,-172.903
10-13 16:42:32,-482.9,703.742,-169.395
10-13 16:42:32,-486.554,697.018,-166.91
10-13 16:42:32,-501.462,704.765,-172.318
10-13 16:42:32,-514.908,704.326,-175.387
10-13 16:42:32,-523.97,703.595,-160.187
10-13 16:42:32,-547.501,710.026,-166.91
10-13 16:42:32,-570.74,709.734,-142.502
10-13 16:42:32,-583.309,706.811,-116.925
10-13 16:42:32,-610.056,706.372,-103.332
10-13 16:42:32,-623.502,703.449,-81.847
10-13 16:42:32,-640.31,705.057,-72.055
10-13 16:42:32,-668.81,694.826,-84.478
10-13 16:42:32,-691.611,681.087,-78.486
10-13 16:42:32,-712.365,678.895,-73.955
10-13 16:42:32,-723.18,674.51,-73.517
10-13 16:42:32,-737.211,663.695,-69.863
10-13 16:42:32,-743.35,649.225,-60.216
10-13 16:42:32,-766.881,641.625,-17.1
10-13 16:42:32,-783.981,609.909,21.777
10-13 16:42:32,-812.628,573.809,55.539
10-13 16:42:32,-832.067,526.893,79.947
10-13 16:42:32,-857.79,485.677,116.048
10-13 16:42:32,-871.09,425.168,122.917
10-13 16:42:32,-865.39,436.714,128.91
10-13 16:42:32,-849.313,456.592,136.948
10-13 16:42:32,-831.92,473.838,142.648
10-13 16:42:32,-818.766,490.5,147.764
10-13 16:42:32,-811.312,489.477,142.356
10-13 16:42:32,-814.82,481.0,151.564
10-13 16:42:32,-823.005,472.376,151.272
10-13 16:42:32,-826.951,452.207,159.31
10-13 16:42:32,-832.213,437.007,164.718
10-13 16:42:32,-836.305,425.168,175.826
10-13 16:42:32,-840.544,416.106,155.802
10-13 16:42:32,-843.905,411.283,167.933
10-13 16:42:32,-847.413,413.914,152.733
10-13 16:42:32,-843.905,421.66,162.233
10-13 16:42:32,-840.105,423.268,148.787
10-13 16:42:32,-837.474,436.422,154.049
10-13 16:42:32,-833.382,441.099,137.533
10-13 16:42:32,-840.251,446.653,138.702
10-13 16:42:32,-840.251,447.238,141.479
10-13 16:42:32,-838.644,450.745,143.087
10-13 16:42:32,-838.79,450.892,124.963
10-13 16:42:32,-838.79,452.938,131.687
10-13 16:42:32,-834.697,457.469,134.756
10-13 16:42:32,-832.359,460.246,134.171
10-13 16:42:32,-830.751,474.861,143.087
10-13 16:42:32,-826.951,475.3,133.002
10-13 16:42:32,-832.651,484.215,124.963
10-13 16:42:32,-831.044,486.115,123.648
10-13 16:42:32,-819.936,497.808,129.787
10-13 16:42:32,-824.759,509.208,119.117
10-13 16:42:32,-816.866,515.346,127.302
10-13 16:42:32,-813.943,526.893,120.433
10-13 16:42:32,-805.32,529.67,120.286
10-13 16:42:32,-803.42,537.27,120.871
10-13 16:42:32,-802.105,539.316,114.733
10-13 16:42:32,-798.597,542.385,119.117
10-13 16:42:32,-801.082,551.447,126.279
10-13 16:42:32,-794.066,553.639,122.333
10-13 16:42:32,-788.804,564.309,117.217
10-13 16:42:32,-784.566,569.424,111.225
10-13 16:42:32,-783.397,570.886,118.825
10-13 16:42:32,-780.474,576.44,123.94
10-13 16:42:32,-779.597,583.601,106.986
10-13 16:42:32,-779.743,589.886,102.455
10-13 16:42:32,-774.335,593.248,102.309
10-13 16:42:32,-761.473,601.14,104.794
10-13 16:42:32,-757.235,608.594,97.486
10-13 16:42:32,-755.042,615.463,94.709
10-13 16:42:32,-750.365,619.263,70.886
10-13 16:42:32,-741.596,633.441,60.801
10-13 16:42:32,-737.796,639.433,54.662
10-13 16:42:33,-726.688,646.01,43.701
10-13 16:42:33,-713.388,658.726,49.547
10-13 16:42:33,-700.672,662.087,33.762
10-13 16:42:33,-698.042,667.056,25.431
10-13 16:42:33,-683.426,679.48,12.569
10-13 16:42:33,-678.457,680.503,8.623
10-13 16:42:33,-671.295,679.626,-11.254
10-13 16:42:33,-654.049,687.226,-16.077
10-13 16:42:33,-642.941,697.311,-32.154
10-13 16:42:33,-632.564,693.072,-21.631
10-13 16:42:33,-620.433,695.849,-35.37
10-13 16:42:33,-610.348,701.695,-36.393
10-13 16:42:33,-604.209,701.257,-30.839
10-13 16:42:33,-601.14,703.595,-24.116
10-13 16:42:33,-592.517,709.88,-34.785
10-13 16:42:33,-589.155,708.711,-48.232
10-13 16:42:33,-576.44,713.68,-56.27
10-13 16:42:33,-561.532,714.411,-69.278
10-13 16:42:33,-561.093,708.126,-88.717
10-13 16:42:33,-533.908,711.926,-93.978
10-13 16:42:33,-525.723,712.657,-107.132
10-13 16:42:33,-511.108,710.319,-101.871
10-13 16:42:33,-495.615,712.511,-122.479
10-13 16:42:33,-491.231,708.565,-128.033
10-13 16:42:33,-477.053,706.519,-141.333
10-13 16:42:33,-475.884,706.226,-158.287
10-13 16:42:33,-478.954,698.042,-159.31
10-13 16:42:33,-481.877,705.495,-167.349
10-13 16:42:33,-481.0,699.503,-161.649
10-13 16:42:33,-485.092,709.588,-154.487
10-13 16:42:33,-486.554,707.98,-149.518
10-13 16:42:33,-483.484,709.88,-143.525
10-13 16:42:33,-482.9,708.419,-136.364
10-13 16:42:33,-483.631,711.634,-140.164
10-13 16:42:33,-481.292,712.219,-144.548
10-13 16:42:33,-486.115,710.026,-151.71
10-13 16:42:33,-484.069,706.665,-154.779
10-13 16:42:33,-488.892,707.395,-144.841
10-13 16:42:33,-490.938,704.765,-155.51
10-13 16:42:33,-490.061,706.811,-144.695
10-13 16:42:33,-488.161,703.742,-149.664
10-13 16:42:33,-486.407,707.395,-150.541
10-13 16:42:33,-492.546,703.011,-154.049
10-13 16:42:33,-502.338,707.98,-150.687
10-13 16:42:33,-504.531,705.203,-144.11
10-13 16:42:33,-507.6,707.395,-157.995
10-13 16:42:33,-505.408,708.711,-156.825
10-13 16:42:33,-508.623,710.172,-153.902
10-13 16:42:33,-507.015,713.388,-154.049
10-13 16:42:33,-508.916,707.249,-150.395
10-13 16:42:33,-515.054,707.395,-164.426
10-13 16:42:33,-517.685,707.249,-157.41
10-13 16:42:33,-526.016,711.049,-158.141
10-13 16:42:33,-526.016,711.926,-156.533
10-13 16:42:33,-529.816,705.642,-150.833
10-13 16:42:33,-528.647,706.519,-144.987
10-13 16:42:33,-529.67,709.88,-142.356
10-13 16:42:33,-521.339,709.88,-139.141
10-13 16:42:33,-519.293,710.757,-139.433
10-13 16:42:33,-525.139,714.119,-136.217
10-13 16:42:33,-536.831,708.126,-130.81
10-13 16:42:33,-542.385,719.965,-132.564
10-13 16:42:33,-546.916,710.319,-130.956
10-13 16:42:33,-553.493,714.557,-122.771
10-13 16:42:33,-547.793,708.272,-129.202
10-13 16:42:33,-553.201,714.849,-115.463
10-13 16:42:33,-549.401,712.219,-120.725
10-13 16:42:33,-567.086,709.88,-121.31
10-13 16:42:33,-579.363,709.149,-105.671
10-13 16:42:33,-595.44,708.857,-102.455
10-13 16:42:33,-601.432,706.519,-93.978
10-13 16:42:33,-606.694,707.834,-88.132
10-13 16:42:33,-609.763,706.372,-81.994
10-13 16:42:33,-605.232,709.88,-90.909
10-13 16:42:33,-608.594,705.495,-105.671
10-13 16:42:33,-624.671,696.434,-93.686
10-13 16:42:34,-623.063,698.772,-87.109
10-13 16:42:34,-635.341,696.872,-74.686
10-13 16:42:34,-638.848,698.188,-80.24
10-13 16:42:34,-639.433,696.141,-67.086
10-13 16:42:34,-644.987,693.803,-71.47
10-13 16:42:34,-652.441,690.295,-77.755
10-13 16:42:34,-663.403,690.88,-75.855
10-13 16:42:34,-668.08,692.926,-76.732
10-13 16:42:34,-668.664,687.372,-77.317
10-13 16:42:34,-672.903,692.195,-74.101
10-13 16:42:34,-675.387,683.28,-73.517
10-13 16:42:34,-673.78,687.226,-81.701
10-13 16:42:34,-675.533,687.372,-85.794
10-13 16:42:34,-685.18,679.918,-87.548
10-13 16:42:34,-682.987,682.841,-90.909
10-13 16:42:34,-686.203,684.303,-92.371
10-13 16:42:34,-683.572,679.626,-99.825
10-13 16:42:34,-681.818,681.234,-97.194
10-13 16:42:34,-687.957,680.941,-103.771
10-13 16:42:34,-683.134,677.433,-93.394
10-13 16:42:34,-681.38,681.672,-102.455
10-13 16:42:34,-685.034,680.649,-108.74
10-13 16:42:34,-685.472,681.234,-105.525
10-13 16:42:34,-692.926,674.072,-108.74
10-13 16:42:34,-689.564,673.487,-109.617
10-13 16:42:34,-687.811,678.018,-109.909
10-13 16:42:34,-681.964,685.326,-102.748
10-13 16:42:34,-687.518,681.672,-95.001
10-13 16:42:34,-679.772,682.403,-103.917
10-13 16:42:34,-684.011,685.034,-98.948
10-13 16:42:34,-684.887,676.703,-96.901
10-13 16:42:34,-683.426,675.826,-93.832
10-13 16:42:34,-681.38,677.58,-97.486
10-13 16:42:34,-676.557,687.226,-89.301
10-13 16:42:34,-678.895,686.495,-89.594
10-13 16:42:34,-674.51,687.811,-96.463
10-13 16:42:34,-677.141,679.187,-83.309
10-13 16:42:34,-674.657,680.649,-84.771
10-13 16:42:34,-675.68,688.98,-78.632
10-13 16:42:34,-679.187,685.764,-80.24
10-13 16:42:34,-672.318,680.357,-80.094
10-13 16:42:34,-669.833,689.418,-83.894
